Decision,E,E-Alpha,E-Beta,Type,Modification,z,m/z,Protein 1,Peptide 1,Start 1,Stop 1,Protein 2,Peptide 2,Start 2, Stop 2,Selected Sites,Notes
Accepted,1.53E-18,5.41E-10,1.51E-13,Cross-linked,,5,800.2474647,DNAPKcs,EIFNFVLKAIRPQIDLK,247,263,DNAPKcs,AFLGELKTQMTSAVR,199,213,[K254-K205],
Accepted,5.63E-21,6.82E-20,9.77E-08,Cross-linked,,5,831.6557341,DNAPKcs,HGDLPDIQIKHSSLITPLQAVAQR,2777,2800,DNAPKcs,APLKSVGPDFGK,2691,2702,[K2786-K2694;K2786-S2695],
Accepted,5.83E-23,1.00E-11,7.80E-16,Cross-linked,,4,1000.057512,DNAPKcs,EIFNFVLKAIRPQIDLK,247,263,DNAPKcs,AFLGELKTQMTSAVR,199,213,[K254-K205],
Accepted,4.48E-19,6.88E-11,2.43E-11,Cross-linked,,4,1000.057512,DNAPKcs,EIFNFVLKAIRPQIDLK,247,263,DNAPKcs,AFLGELKTQMTSAVR,199,213,[K254-K205],
Accepted,5.24E-21,1.27E-20,1.78E-07,Cross-linked,,3,809.7502358,DNAPKcs,SLGPPQGEEDSVPR,2107,2120,DNAPKcs,VKGAAGR,2716,2722,[S2107-K2717],
Accepted,1.80E-18,7.25E-11,1.98E-11,Cross-linked,,4,788.6828651,DNAPKcs,NVDSNNKELSIAIR,351,364,DNAPKcs,KAALSALESFLK,310,321,[S354-S314;K357-S314],
Accepted,2.44E-15,4.31E-12,1.81E-07,Cross-linked,,4,815.9234237,DNAPKcs,NNITQKLLQDFNR,2830,2842,DNAPKcs,EMDKFKTLSEK,2819,2829,[K2835-K2824],
Accepted,1.95E-19,1.21E-12,2.57E-11,Cross-linked,,4,788.6828651,DNAPKcs,NVDSNNKELSIAIR,351,364,DNAPKcs,KAALSALESFLK,310,321,[S354-K310;S354-S314;K357-K310;K357-S314],
Accepted,1.49E-14,4.40E-11,1.09E-06,Cross-linked,,4,751.9017631,DNAPKcs,MYAALGDPKAPGLGAFR,3613,3629,DNAPKcs,KFIQTFGK,3631,3638,[K3621-K3631],
Accepted,8.49E-16,1.24E-13,4.17E-08,Cross-linked,,4,849.6862505,DNAPKcs,MYAALGDPKAPGLGAFR,3613,3629,DNAPKcs,FIQTFGKEFDK,3632,3642,[K3621-T3635;K3621-K3638],
Accepted,5.32E-16,4.58E-11,5.75E-07,Cross-linked,,4,604.317532,DNAPKcs,DQEKLSLMYAR,2735,2745,DNAPKcs,KGVAEQK,2746,2752,[K2738-K2746],
Accepted,1.89E-16,3.33E-09,2.67E-12,Cross-linked,,4,864.7039002,DNAPKcs,TKNLSSNEAISLEEIR,837,852,DNAPKcs,MKQDAQVVLYR,2763,2773,[T837-K2764;K838-K2764;S841-K2764;S842-K2764],
Accepted,1.08E-15,1.87E-11,1.52E-06,Cross-linked,,4,892.9721078,DNAPKcs,TKNLSSNEAISLEEIR,837,852,DNAPKcs,MGQKIAPYSVEIK,96,108,[T837-K99;K838-K99],
Accepted,3.50E-11,1.95E-11,3.17E-06,Cross-linked,,5,793.4214863,DNAPKcs,LLLQGEADQSLLTFIDKAMHGELQK,3051,3075,DNAPKcs,AAQKGFNK,821,828,[S3060-K824;T3063-K824;K3067-K824],
Accepted,5.11E-16,1.01E-07,2.06E-11,Cross-linked,,5,684.5719321,DNAPKcs,FMNAVFFLLPKFHGVLK,2378,2394,DNAPKcs,SKDFVQVMR,2417,2425,[K2388-S2417;K2388-K2418],
Accepted,5.31E-14,4.88E-11,9.69E-08,Cross-linked,,4,604.317532,DNAPKcs,DQEKLSLMYAR,2735,2745,DNAPKcs,KGVAEQK,2746,2752,[K2738-K2746],
Accepted,2.02E-18,6.08E-09,4.15E-13,Cross-linked,,4,717.6360294,DNAPKcs,APLKSVGPDFGK,2691,2702,DNAPKcs,MKQDAQVVLYR,2763,2773,[K2694-K2764],
Accepted,1.30E-13,9.20E-11,9.22E-08,Cross-linked,,4,751.9017631,DNAPKcs,MYAALGDPKAPGLGAFR,3613,3629,DNAPKcs,KFIQTFGK,3631,3638,[K3621-K3631],
Accepted,6.34E-11,4.55E-07,1.82E-08,Cross-linked,,5,739.7958086,DNAPKcs,QLFSSLFSGILKEMDKFK,2807,2824,DNAPKcs,TLSEKNNITQK,2825,2835,[S2810-K2829;S2811-K2829;S2814-K2829;K2818-K2829],
Accepted,1.92E-15,1.64E-15,3.11E-05,Cross-linked,,4,812.1870433,DNAPKcs,TSALSDETKNNWEVSALSR,802,820,DNAPKcs,VVLKHLK,829,835,[S806-K832;T809-K832;K810-K832],
Accepted,1.21E-12,9.87E-12,1.24E-06,Cross-linked,,5,801.6391036,DNAPKcs,LLLQGEADQSLLTFIDKAMHGELQK,3051,3075,DNAPKcs,GFNKVVLK,825,832,[S3060-K828;T3063-K828;K3067-K828],
Accepted,2.15E-15,2.90E-10,2.90E-10,Cross-linked,,5,523.2866655,DNAPKcs,GKPLPEYHVR,3709,3718,DNAPKcs,ALKLNSNEAR,3453,3462,[K3710-K3455],
Accepted,1.93E-13,2.35E-07,1.10E-10,Cross-linked,,4,940.7240925,DNAPKcs,TSALSDETKNNWEVSALSR,802,820,DNAPKcs,MKQDAQVVLYR,2763,2773,[T802-K2764;S803-K2764;S806-K2764;T809-K2764;K810-K2764],
Accepted,2.37E-14,4.16E-12,7.79E-07,Cross-linked,,4,829.1845006,DNAPKcs,TSALSDETKNNWEVSALSR,802,820,DNAPKcs,GFNKVVLK,825,832,[S806-K828;T809-K828;K810-K828],
Accepted,8.73E-15,3.50E-11,9.02E-08,Cross-linked,,4,788.6828651,DNAPKcs,NVDSNNKELSIAIR,351,364,DNAPKcs,KAALSALESFLK,310,321,[S354-S314;K357-S314],
Accepted,3.50E-14,4.75E-14,2.73E-08,Cross-linked,,4,674.6182653,DNAPKcs,NVDSNNKELSIAIR,351,364,DNAPKcs,KYIEIR,2003,2008,[S354-K2003;K357-K2003],
Accepted,1.80E-14,8.79E-10,3.99E-09,Cross-linked,,4,746.3961991,DNAPKcs,QITPQQQEKSPVNTK,1043,1057,DNAPKcs,DSKPPGNLK,3673,3681,[K1051-K3675],
Accepted,1.87E-14,2.76E-09,1.21E-09,Cross-linked,,5,800.2474647,DNAPKcs,EIFNFVLKAIRPQIDLK,247,263,DNAPKcs,AFLGELKTQMTSAVR,199,213,[K254-K205],
Accepted,2.07E-10,2.68E-08,1.33E-06,Cross-linked,,4,631.8449196,DNAPKcs,MGQKIAPYSVEIK,96,108,DNAPKcs,KGVAEQK,2746,2752,[K99-K2746],
Accepted,7.97E-13,6.06E-07,4.32E-09,Cross-linked,,4,595.0769734,DNAPKcs,SPVNTKSLFK,1052,1061,DNAPKcs,DSKPPGNLK,3673,3681,[T1056-K3675;K1057-K3675],
Accepted,1.49E-12,6.42E-08,8.79E-11,Cross-linked,,4,855.7020975,DNAPKcs,QLFSSLFSGILKEMDK,2807,2822,DNAPKcs,TLSEKNNITQK,2825,2835,[S2810-S2827;S2810-K2829;S2811-S2827;S2811-K2829;S2814-S2827;S2814-K2829;K2818-S2827;K2818-K2829],
Accepted,4.53E-11,1.58E-09,1.93E-06,Cross-linked,,4,742.6654812,DNAPKcs,YKEVYAAAAEVLGLILR,2312,2328,DNAPKcs,GVAEQKR,2747,2753,[Y2312-K2752;K2313-K2752],
Accepted,3.76E-14,1.06E-08,9.10E-12,Cross-linked,,4,884.2257398,DNAPKcs,YKEVYAAAAEVLGLILR,2312,2328,DNAPKcs,DQEKLSLMYAR,2735,2745,[Y2312-K2738;K2313-K2738],
Accepted,1.59E-10,3.58E-09,3.55E-07,Cross-linked,,5,793.4214863,DNAPKcs,LLLQGEADQSLLTFIDKAMHGELQK,3051,3075,DNAPKcs,AAQKGFNK,821,828,[S3060-K824;T3063-K824;K3067-K824],
Accepted,3.85E-07,3.57E-07,2.91E-05,Cross-linked,,6,611.0240234,DNAPKcs,LTKLQSVQALTEIQEFISFISK,3126,3147,DNAPKcs,VVLKHLK,829,835,[K3128-K832],
Accepted,8.98E-14,4.33E-09,6.18E-09,Cross-linked,,4,855.4630962,DNAPKcs,FMNAVFFLLPKFHGVLK,2378,2394,DNAPKcs,SKDFVQVMR,2417,2425,[K2388-S2417;K2388-K2418],
Accepted,1.05E-11,2.52E-11,4.20E-05,Cross-linked,,5,571.4978925,DNAPKcs,MYAALGDPKAPGLGAFR,3613,3629,DNAPKcs,HFGKGGSK,3643,3650,[K3621-K3646],
Accepted,3.94E-16,1.16E-13,2.26E-05,Cross-linked,,3,919.8271451,DNAPKcs,NNITQKLLQDFNR,2830,2842,DNAPKcs,FKTLSEK,2823,2829,[T2833-K2824;K2835-K2824],
Accepted,2.62E-11,4.83E-10,0.000729351,Cross-linked,,5,679.9504556,DNAPKcs,MYAALGDPKAPGLGAFR,3613,3629,DNAPKcs,FIQTFGKEFDK,3632,3642,[K3621-T3635;K3621-K3638],
Accepted,1.37E-09,8.06E-10,0.012107769,Cross-linked,,4,707.3992162,DNAPKcs,YKEVYAAAAEVLGLILR,2312,2328,DNAPKcs,EKEIK,2754,2758,[Y2312-K2755;K2313-K2755],
Accepted,8.78E-12,1.18E-09,8.32E-05,Cross-linked,,4,899.7631837,DNAPKcs,LAKDVLIQGLIDENPGLQLIIR,2501,2522,DNAPKcs,AAQKGFNK,821,828,[K2503-K824],
Accepted,4.05E-10,3.99E-10,0.018594874,Cross-linked,,4,707.3992162,DNAPKcs,YKEVYAAAAEVLGLILR,2312,2328,DNAPKcs,EKEIK,2754,2758,[Y2312-K2755;K2313-K2755],
Accepted,8.42E-09,9.68E-09,3.17E-06,Cross-linked,,5,664.5385429,DNAPKcs,LSDFNDITNMLLLKMNK,3656,3672,DNAPKcs,EFDKHFGK,3639,3646,[T3663-K3642;K3669-K3642],
Accepted,2.60E-11,4.44E-10,3.02E-05,Cross-linked,,5,665.9419523,DNAPKcs,VINAKDVDFMYVELIQR,375,391,DNAPKcs,NAEMHKNK,330,337,[K379-K335],
Accepted,7.60E-11,5.99E-11,1.97E-05,Cross-linked,,4,550.3134183,DNAPKcs,KAALSALESFLK,310,321,DNAPKcs,TGKWK,516,520,[K310-K518],
Accepted,2.56E-15,6.68E-11,3.89E-08,Cross-linked,,4,544.5559426,DNAPKcs,APLKSVGPDFGK,2691,2702,DNAPKcs,VKGAAGR,2716,2722,[K2694-K2717],
Accepted,8.49E-12,5.24E-11,7.34E-05,Cross-linked,,4,501.5372185,DNAPKcs,AELAKTPVNK,3594,3603,DNAPKcs,KNIEK,3604,3608,[K3598-K3604],
Accepted,1.07E-10,6.35E-08,7.87E-07,Cross-linked,,4,609.0601061,DNAPKcs,KQNNFSLAMK,3248,3257,DNAPKcs,MKMIDSAR,3240,3247,[K3248-K3241],
Accepted,5.08E-12,1.51E-08,4.55E-09,Cross-linked,,4,598.3358877,DNAPKcs,SPVNTKSLFK,1052,1061,DNAPKcs,KFIQTFGK,3631,3638,[T1056-K3631;K1057-K3631],
Accepted,7.27E-12,2.27E-11,0.000272765,Cross-linked,,4,689.6253961,DNAPKcs,MKQDAQVVLYR,2763,2773,DNAPKcs,EKEIKSELK,2754,2762,[K2764-K2758],
Accepted,4.18E-10,8.32E-07,1.30E-07,Cross-linked,,5,489.8609998,DNAPKcs,SLKHSPEDPEK,690,700,DNAPKcs,FGKEVAVK,710,717,[K692-K712;S694-K712],
Accepted,3.11E-13,8.43E-13,0.002363376,Cross-linked,,3,1051.241395,DNAPKcs,NVDSNNKELSIAIR,351,364,DNAPKcs,KAALSALESFLK,310,321,[S354-K310;S354-S314;K357-K310;K357-S314],
Accepted,1.45E-09,3.27E-08,9.35E-05,Cross-linked,,4,761.1619827,DNAPKcs,LSDFNDITNMLLLKMNK,3656,3672,DNAPKcs,GGSKLLR,3647,3653,[K3669-K3650],
Accepted,4.87E-09,2.49E-07,1.01E-06,Cross-linked,,5,801.6391036,DNAPKcs,LLLQGEADQSLLTFIDKAMHGELQK,3051,3075,DNAPKcs,GFNKVVLK,825,832,[S3060-K828;T3063-K828;K3067-K828],
Accepted,6.64E-11,2.00E-09,5.18E-05,Cross-linked,,4,756.1608743,DNAPKcs,AFLGELKTQMTSAVR,199,213,DNAPKcs,FYGELALKK,156,164,[K205-K163],
Accepted,4.90E-10,9.24E-10,1.88E-05,Cross-linked,,4,657.8542816,DNAPKcs,MGQKIAPYSVEIK,96,108,DNAPKcs,AAQKGFNK,821,828,[K99-K824],
Accepted,1.36E-08,1.00E-08,0.000729146,Cross-linked,,4,922.7578327,DNAPKcs,LTKLQSVQALTEIQEFISFISK,3126,3147,DNAPKcs,AAQKGFNK,821,828,[K3128-K824],
Accepted,4.50E-09,1.63E-09,0.00080848,Cross-linked,,5,733.0273729,DNAPKcs,LTKLQSVQALTEIQEFISFISK,3126,3147,DNAPKcs,VVLKHLK,829,835,[K3128-K832],
Accepted,2.78E-09,2.15E-09,4.59E-06,,,4,711.3696464,DNAPKcs,DTSTGHKNKEFVAR,3544,3557,DNAPKcs,KNIEK,3604,3608,[S3546-K3604;T3547-K3604;K3550-K3604;K3552-K3604],
Accepted,5.79E-09,0.0001215,6.07E-06,Cross-linked,,4,707.8895927,DNAPKcs,VEGMTELYFQLKSK,2405,2418,DNAPKcs,LKPVELR,2446,2452,[T2409-K2447;Y2412-K2447;K2416-K2447],
Accepted,6.89E-08,3.15E-07,6.32E-07,Cross-linked,,4,830.4213596,DNAPKcs,LSDFNDITNMLLLKMNK,3656,3672,DNAPKcs,EFDKHFGK,3639,3646,[T3663-K3642;K3669-K3642],
Accepted,1.00E-12,4.80E-08,2.67E-08,Cross-linked,,3,749.715698,DNAPKcs,NIEKMYER,3605,3612,DNAPKcs,NKEFVAR,3551,3557,[K3608-K3552],
Accepted,1.99E-11,3.31E-06,2.04E-10,Cross-linked,,4,653.8565129,DNAPKcs,GKPLPEYHVR,3709,3718,DNAPKcs,ALKLNSNEAR,3453,3462,[K3710-K3455],
Accepted,5.02E-09,2.95E-06,1.12E-06,Cross-linked,,4,609.0601061,DNAPKcs,KQNNFSLAMK,3248,3257,DNAPKcs,MKMIDSAR,3240,3247,[K3248-K3241],
Accepted,1.19E-09,4.03E-07,7.03E-08,Cross-linked,,4,645.593736,DNAPKcs,QGNLSSQVPLKR,3148,3159,DNAPKcs,MKMIDSAR,3240,3247,[K3158-K3241],
Accepted,1.08E-08,0.000837376,6.92E-07,Cross-linked,,4,707.8895927,DNAPKcs,VEGMTELYFQLKSK,2405,2418,DNAPKcs,LKPVELR,2446,2452,[T2409-K2447;Y2412-K2447;K2416-K2447],
Accepted,6.83E-09,2.90E-06,7.36E-08,Cross-linked,,4,890.9249461,DNAPKcs,YPDAKMDPMNIWDDIITNR,3168,3186,DNAPKcs,MKMIDSAR,3240,3247,[Y3168-K3241;K3172-K3241],
Accepted,6.27E-09,3.54E-09,0.000447087,Cross-linked,,4,427.4910084,DNAPKcs,KGVAEQK,2746,2752,DNAPKcs,EKEIK,2754,2758,[K2746-K2755],
Accepted,2.54E-08,1.29E-06,3.35E-06,Cross-linked,,4,742.6654812,DNAPKcs,YKEVYAAAAEVLGLILR,2312,2328,DNAPKcs,GVAEQKR,2747,2753,[Y2312-K2752;K2313-K2752],
Accepted,6.77E-09,1.92E-05,2.08E-08,Cross-linked,,4,619.8305409,DNAPKcs,DQEKLSLMYAR,2735,2745,DNAPKcs,KYIEIR,2003,2008,[K2738-K2003],
